Price List with Quantity Breaks,,,,
,,,,
SKU,1 to 10,11 to 25,26 to 50,> 50
NN915,$76.18 ,$74.66 ,$72.37 ,$70.09 
YR612,$42.80 ,$41.94 ,$40.66 ,$39.38 
KI190,$19.13 ,$18.75 ,$18.17 ,$17.60 
EK974,$80.37 ,$78.76 ,$76.35 ,$73.94 
AE685,$46.77 ,$45.83 ,$44.43 ,$43.03 
QC716,$58.37 ,$57.20 ,$55.45 ,$53.70 
KL427,$61.34 ,$60.11 ,$58.27 ,$56.43 
WL544,$72.54 ,$71.09 ,$68.91 ,$66.74 
EO353,$72.84 ,$71.38 ,$69.20 ,$67.01 
AJ755,$29.15 ,$28.57 ,$27.69 ,$26.82 
VU967,$26.60 ,$26.07 ,$25.27 ,$24.47 
EO291,$36.93 ,$36.19 ,$35.08 ,$33.98 
NE780,$20.82 ,$20.40 ,$19.78 ,$19.15 
RE625,$37.06 ,$36.32 ,$35.21 ,$34.10 
JI222,$15.99 ,$15.67 ,$15.19 ,$14.71 
RP288,$70.16 ,$68.76 ,$66.65 ,$64.55 
KL244,$33.20 ,$32.54 ,$31.54 ,$30.54 
QV723,$83.55 ,$81.88 ,$79.37 ,$76.87 
AE657,$40.20 ,$39.40 ,$38.19 ,$36.98 
CI868,$31.01 ,$30.39 ,$29.46 ,$28.53 
VZ901,$20.90 ,$20.48 ,$19.86 ,$19.23 
HX330,$64.20 ,$62.92 ,$60.99 ,$59.06 
LW273,$10.09 ,$9.89 ,$9.59 ,$9.28 
BL629,$57.85 ,$56.69 ,$54.96 ,$53.22 
NJ208,$16.90 ,$16.56 ,$16.06 ,$15.55 
BL613,$46.60 ,$45.67 ,$44.27 ,$42.87 
BA431,$66.31 ,$64.98 ,$62.99 ,$61.01 
SM530,$68.24 ,$66.88 ,$64.83 ,$62.78 
EK320,$10.99 ,$10.77 ,$10.44 ,$10.11 
FY941,$27.09 ,$26.55 ,$25.74 ,$24.92 
HQ465,$33.62 ,$32.95 ,$31.94 ,$30.93 
RE709,$58.89 ,$57.71 ,$55.95 ,$54.18 
VO445,$58.75 ,$57.58 ,$55.81 ,$54.05 
XT232,$63.69 ,$62.42 ,$60.51 ,$58.59 
PT705,$36.83 ,$36.09 ,$34.99 ,$33.88 
UZ348,$26.09 ,$25.57 ,$24.79 ,$24.00 
VC354,$31.26 ,$30.63 ,$29.70 ,$28.76 
GB985,$33.19 ,$32.53 ,$31.53 ,$30.53 
OB946,$22.68 ,$22.23 ,$21.55 ,$20.87 
PL670,$66.83 ,$65.49 ,$63.49 ,$61.48 
OZ687,$28.46 ,$27.89 ,$27.04 ,$26.18 
YP712,$45.16 ,$44.26 ,$42.90 ,$41.55 
SO782,$31.62 ,$30.99 ,$30.04 ,$29.09 
LM861,$21.62 ,$21.19 ,$20.54 ,$19.89 
HW593,$51.21 ,$50.19 ,$48.65 ,$47.11 
JM906,$32.49 ,$31.84 ,$30.87 ,$29.89 
HO114,$65.64 ,$64.33 ,$62.36 ,$60.39 
WK897,$26.33 ,$25.80 ,$25.01 ,$24.22 
AG428,$67.71 ,$66.36 ,$64.32 ,$62.29 
BR404,$41.61 ,$40.78 ,$39.53 ,$38.28 
LU332,$49.25 ,$48.27 ,$46.79 ,$45.31 
MJ119,$46.22 ,$45.30 ,$43.91 ,$42.52 
UQ440,$30.63 ,$30.02 ,$29.10 ,$28.18 
WT129,$41.39 ,$40.56 ,$39.32 ,$38.08 
LF280,$56.67 ,$55.54 ,$53.84 ,$52.14 
IN878,$30.95 ,$30.33 ,$29.40 ,$28.47 
KQ410,$13.80 ,$13.52 ,$13.11 ,$12.70 
FE531,$48.15 ,$47.19 ,$45.74 ,$44.30 
OP907,$58.83 ,$57.65 ,$55.89 ,$54.12 
XJ577,$22.68 ,$22.23 ,$21.55 ,$20.87 
ND693,$67.55 ,$66.20 ,$64.17 ,$62.15 
BH214,$46.86 ,$45.92 ,$44.52 ,$43.11 
DN140,$44.96 ,$44.06 ,$42.71 ,$41.36 
NL914,$40.57 ,$39.76 ,$38.54 ,$37.32 
ON577,$68.43 ,$67.06 ,$65.01 ,$62.96 
KD259,$27.22 ,$26.68 ,$25.86 ,$25.04 
WG573,$64.95 ,$63.65 ,$61.70 ,$59.75 
LR151,$44.51 ,$43.62 ,$42.28 ,$40.95 
AH875,$59.80 ,$58.60 ,$56.81 ,$55.02 
KQ172,$36.54 ,$35.81 ,$34.71 ,$33.62 
KZ182,$13.81 ,$13.53 ,$13.12 ,$12.71 
QH824,$33.39 ,$32.72 ,$31.72 ,$30.72 
YW438,$38.85 ,$38.07 ,$36.91 ,$35.74 
JD304,$35.83 ,$35.11 ,$34.04 ,$32.96 
YE126,$34.43 ,$33.74 ,$32.71 ,$31.68 
AC549,$50.04 ,$49.04 ,$47.54 ,$46.04 
NL621,$39.22 ,$38.44 ,$37.26 ,$36.08 
ED392,$27.97 ,$27.41 ,$26.57 ,$25.73 
NV133,$34.61 ,$33.92 ,$32.88 ,$31.84 
GX518,$52.78 ,$51.72 ,$50.14 ,$48.56 
YH102,$38.04 ,$37.28 ,$36.14 ,$35.00 
NE552,$23.90 ,$23.42 ,$22.71 ,$21.99 
VV251,$16.70 ,$16.37 ,$15.87 ,$15.36 
MW436,$56.37 ,$55.24 ,$53.55 ,$51.86 
ZB522,$33.39 ,$32.72 ,$31.72 ,$30.72 
JE327,$46.05 ,$45.13 ,$43.75 ,$42.37 
QD624,$44.17 ,$43.29 ,$41.96 ,$40.64 
LB365,$17.38 ,$17.03 ,$16.51 ,$15.99 
OY710,$14.03 ,$13.75 ,$13.33 ,$12.91 
YO598,$28.51 ,$27.94 ,$27.08 ,$26.23 
DB834,$35.02 ,$34.32 ,$33.27 ,$32.22 
NH449,$49.94 ,$48.94 ,$47.44 ,$45.94 
DF206,$40.21 ,$39.41 ,$38.20 ,$36.99 
LB542,$30.62 ,$30.01 ,$29.09 ,$28.17 
ZV266,$24.55 ,$24.06 ,$23.32 ,$22.59 
HG394,$50.60 ,$49.59 ,$48.07 ,$46.55 
BM973,$47.05 ,$46.11 ,$44.70 ,$43.29 
GA325,$16.17 ,$15.85 ,$15.36 ,$14.88 
ZR368,$51.27 ,$50.24 ,$48.71 ,$47.17 
